birthdate,firstname,surname,email
2005-06-24,Margarite,Fernandes,anya-trujillo7@featuring.com
1973-11-11,Olin,Fortune,libbyrowe9631@promote.com
2002-09-19,Hilario,Burdick,reyna0@waste.com
1971-05-25,Benny,Flora,ruthann.pagan6803@shore.nagaokakyo.kyoto.jp
1978-03-08,Eleonora,Cobb,tomi_whittle58569@couples.com
1985-12-31,Julee,Hollis,francesca-snook4915@gmail.com
1993-10-31,Jene,Fenner,verdie_mejia@center.com
2011-10-03,Maricruz,Dalton,tatum9722@developments.com
2012-11-15,Katharyn,Mccue,gladys-mireles7@yahoo.com
1989-10-18,Sade,Cooper,santoshadley@yahoo.com
1973-01-21,Audria,Bonner,marx.stauffer@yahoo.com
2005-02-03,Valentine,Koenig,tona90@controlling.com
1977-05-19,Brinda,Hatley,christie48@accommodation.mex.com
1994-11-29,See,Stott,sherly-crisp@yahoo.com
1989-01-25,Patrice,Dupre,karima_soliz9805@reasons.com
1970-03-13,Rhonda,Doty,morgan.veal74540@yahoo.com
2009-11-22,Leesa,Fletcher,moira00276@dept.com
1982-08-13,Almeta,Swafford,katerine-batchelor@og.com
2015-12-17,Jackson,Jenson,darrel7098@gmail.com
1992-11-07,Winifred,Dale,bambi.hillard15745@gotten.enonic.io
2023-01-25,Eduardo,Hyman,victoria_archer1@invalid.com
2000-03-12,Sheri,Isom,shawnnasouth@mobility.com
1971-08-18,Loris,Lachance,toddbarajas51018@hotmail.com
1990-01-28,Merrill,Carson,lyndsay6619@hotmail.com
2018-10-14,Wilber,Victor,lauralee8074@gmail.com
2015-01-04,Mammie,Murdock,lean942@yahoo.com
2019-05-18,Vivienne,Jewell,burt651@ssl.icu
1987-08-01,Lettie,Horton,carlyn_shivers2063@including.com
1992-02-19,Lauren,Medeiros,fernando_morgan@daily.com
2006-07-12,Bernard,Tran,rosina-uribe861@yahoo.com
1971-06-16,Bert,Conover,florentino55@yahoo.com
1993-12-10,Frederic,Gillum,leopoldo-ezell@yahoo.com
1983-10-13,Lauretta,Brink,wendy_clemmons@opera.com
1986-07-05,Fransisca,Wiles,lynnparrott@hotmail.com
2012-03-30,Maricruz,Currier,jesscoons@hotmail.com
1997-11-01,Elden,Cromwell,horacio721@hotmail.com
1998-04-03,Thelma,Barnett,april07@fix.codes
2013-07-14,Jeffery,Archibald,tilda482@attending.com
1998-12-13,Fermin,Shorter,janice43@tells.com
2000-11-12,Contessa,Findley,rosettacroteau-daigle85@choir.com
2008-12-26,Izola,Staley-Reedy,filomena-meyer2@quote.com
2003-05-05,Aura,Rigsby,michaele_groff57686@gmail.com
2020-04-24,Sharla,Jarvis,janean-oglesby8683@immediately.com
2004-10-14,Cori,Calvert,laureenlaw19@gmail.com
1979-10-15,Tobie,Weir,gertude8@yahoo.com
2021-05-02,Alyssa,Pryor,jerome_ervin84@yahoo.com
1979-12-16,Bella,Thomson,letha_cosgrove@presently.com
1989-12-29,Doreatha,Crittenden-Cote,rochelleedwards937@yahoo.com
1997-05-05,Cathey,Bagwell,boyce272@compute.com
1992-12-18,Dyan,Cleary,marilyn6@opens.com
1983-07-10,Arla,Stott,giovanna6@hotmail.com
2019-05-03,Ruby,Kingsley,chrissydeal@yahoo.com
2012-09-19,Sabrina,Burns,dorethabanuelos3@employment.sydney
1980-02-27,Leatrice,Tobin,mao1@yahoo.com
2005-04-04,Lorrie,Creamer,maira_hernandez78@spirit.com
2015-04-29,Marcelino,Travis-Kingsley,teresa.mayfield@coin.com
1977-12-24,Bennie,Knapp,tamika0328@hotmail.com
1973-03-12,Winter,Poindexter,aletha46@boxes.com
2012-01-14,Nicolasa,Lucas,marina_sloan@hotmail.com
1991-02-10,Keva,Gorman,lesia.hunt-whitaker0064@yahoo.com
1988-06-18,Maybell,Broderick,lecia599@yahoo.com
2008-08-24,Raina,Gilman,deshawn08200@gmail.com
2020-09-23,Linette,Kohn,enrique12@yahoo.com
2005-10-26,Vernia,Watt,vicente-crow@gmail.com
2001-03-02,Ronda,Mulligan,zane4803@yahoo.com
2012-04-08,Santa,Hooper,yuri-laporte0746@attitude.com
1983-08-20,Basil,Salcedo,isabella-shearer@yahoo.com
2001-07-19,Marylyn,Allred,clemente.mosier4834@keen.dlugoleka.pl
1988-04-18,Bernetta,Yount,evelyn.raynor007@establishing.com
2022-09-12,Gabriele,Houser,rubye8714@gmail.com
1974-03-19,Erich,Mauro,nathanielweddle@gmail.com
1987-09-27,Sydney,Tilley,edgar_mooney8@inventory.com
1995-07-15,Shanda,Keeling,marianne.williford0083@hotmail.com
2010-04-21,Man,Lake,rebbeca99@gnome.com
2004-05-30,Brook,Younger,ellie_carlin@archives.com
1979-05-27,Karleen,Barnes,riva212@hotmail.com
2016-07-23,Daisy,Embry,claudine_dorman@yahoo.com
2016-04-08,Kellye,Kemp,edrafrazier@empty.com
2000-12-23,Rosamaria,Seifert,zora-estrada3@gmail.com
1995-05-02,Shelton,Munger,luis133@granny.com
1992-06-22,Maya,Kroll,melvinaalmanza-jay@merger.com
1970-11-04,Kacie,Sowell,beverley-reeves5051@marion.com
1983-05-02,Un,Griswold,malika-severson70665@unless.com
2022-01-24,Sarina,Bear,arlie-aguiar4@central.com
2012-06-30,Dierdre,Hess,hang5@maine.com
1984-06-29,Julieann,Fournier,chadmcgrath@thumbs.certmgr.org
2010-07-13,Louis,Freitas,dagny200@articles.com
1973-02-11,Ana,Metcalf,rachael38702@hotmail.com
1990-10-27,Osvaldo,Meek,caren8@lookup.com
1974-09-18,Pierre,Monaco,yelenabowser@bowling.com
1976-04-05,Andre,Gannon,eloise0612@hotmail.com
2021-07-10,Latonia,Vargas,robbynevarez@gmail.com
2015-01-09,Sheila,Davies,rhett4@hotmail.com
2004-12-09,Karon,Hollins-Neff,hai673@yahoo.com
2011-05-24,Apolonia,Metzger,inell266@ranch.com
1977-08-28,Waylon,Dickey,ossie_wolford59200@yahoo.com
2022-03-25,Laurinda,Kuykendall,shonta0649@hotmail.com
1998-05-02,Hermina,Kohn,edmondgunderson@hotmail.com
2004-11-23,Lashaunda,Baumann,williancoon@hotmail.com
2014-08-07,Kina,Dudley,betsyshea0@yard.chikusei.ibaraki.jp
2006-04-10,Reynalda,Stevenson,marquetta-boles437@peru.com
1973-10-20,Mimi,Carrington,doloris-goldstein-pichardo64@greenhouse.com
1982-12-04,Taunya,Smalley,donnell70@own.com
1976-10-06,Sook,Unger,candace532@yahoo.com
2007-05-11,Janene,Kellogg,bud.barrett71253@yahoo.com
2009-10-19,Tiffani,Messenger,shamika-salazar456@dubai.com
2019-08-24,Tia,Mcghee,meggan_luke06248@permissions.com
1999-12-17,Jayson,Mcbride,ileenrock@elsewhere.com
1978-11-03,Janene,Mattos,inger_mckeown0@yahoo.com
1996-02-19,Kareen,Mclain,brain.conway@hydraulic.com
2011-08-03,Elinor,Solano,kelley.sheppard69@payroll.net.mv
2022-03-01,Tegan,Webber,toshiascarborough@gmail.com
2006-12-03,Violet,Chism,temple101@gmail.com
2005-12-18,Yan,Schaeffer,tommy_kauffman4@gcc.com
2008-08-22,Artie,Whitlow,patsycollier@living.澳門
2003-05-14,Zandra,Downs,carmen_anders50@yahoo.com
2005-02-04,Christeen,Landry,garnett-wu1@yahoo.com
1977-12-13,Shirlee,Ness,debrah_fagan3995@hotmail.com
1994-09-30,Wendie,Ramey,dorian.rivera234@yahoo.com
2011-04-07,Armandina,Lange,emelda_metzger20349@hotmail.com
1970-02-06,Carline,Waller,johnson_mallory@refined.com
1987-05-25,Sheena,Rich,meryl63131@yahoo.com
2004-11-30,Charisse,Villarreal,emerald.weinberg@for.dlugoleka.pl
1983-07-25,Soledad,Haro,gertrud.flemming@slovak.rest
1982-08-06,Dorethea,Starkey,magan_canady@violent.com
2015-12-22,Minta,Gillum,laniwagner@gmail.com
2013-10-31,Lakenya,Pickens,noma083@california.com
2006-03-10,Wenona,Cazares,margepettigrew14200@instruments.insurance.aero
2009-07-18,Leanne,Schuler,oziemcgehee70750@hotmail.com
2002-05-20,Rocky,Dodson,takako76@yahoo.com
1982-04-24,Thalia,Barone,victor.araujo865@stay.com
2018-06-15,Clarita,Jarrett,annalee.holliday@hotmail.com
2010-03-28,Camila,Hammonds,melany70@bat.com
2001-08-26,Hellen,Segal,hallie-brunson@travesti.com
1970-12-31,Sonya,Tibbs,brigette8946@brook.carboniaiglesias.it
1996-05-15,Brinda,Guinn,keva.duff4057@hotmail.com
2008-08-24,Elsie,Mitchel,candance.luna3056@hotmail.com
1998-07-18,Elinore,Schoonover,emelia_maple881@hotmail.com
1974-08-07,Darren,Nesmith,elois.bolt@yahoo.com
2016-10-01,Evelia,Hawes,morganervin@gmail.com
1973-12-22,Aubrey,Mcgill,briana_greathouse@yahoo.com
1971-11-05,Laureen,Mccall,allegra_bounds64988@leone.com
2011-05-22,Maisie,Perron,suanne-gillespie@layout.com
2021-08-03,Rolf,Lanham,allena3233@coin.com
1983-10-13,Weldon,Fort,olin-levesque831@gmail.com
1998-03-24,Dominga,Regan,christopher_dehart0332@idol.com
1989-09-23,Elke,Stuckey,ezra.rivera@hotmail.com
2004-06-15,Kesha,Laughlin,micaela-surratt84921@mechanics.com
1983-11-16,Lauri,Boatright,terisa46890@beds.com
1977-08-28,Drema,Pannell,donetta_hibbard@newest.empresa.bo
1988-02-13,Kathlyn,Wingate,rosanna.lacroix23@hotmail.com
1998-11-24,Noble,Villa,danettewhitten30@academics.com
1993-07-17,Earnestine,Dollar,vina.mundy8191@conceptual.com
2001-07-19,Lacresha,Conover,malliesandlin0439@gmail.com
1977-05-09,Raisa,Troy,marcene.darby194@bahrain.kashiwazaki.niigata.jp
1973-03-01,Kami,Mcwilliams,jonah1690@donors.com
2006-04-14,Reatha,Calloway,nelia4@pac.com
1992-05-10,Tommie,Kovach,janine4347@hotmail.com
1976-12-27,Melaine,Gulley,merlesharp3593@pan.com
1973-02-25,Joella,Roach,theronmackay4@tested.kvinnherad.no
1994-06-17,Shery,Sanderson,keeley90@length.сайт
1986-10-11,Angel,Lowe,cassondragifford398@vi.com
1994-03-22,Evelin,Staples,tien6@header.gouv.ci
2001-06-09,Aurea,Dingle,ruthe-edmonds35089@gmail.com
1981-06-08,Roxy,Weatherford,susy.adame14@generates.com
2013-01-27,Bennie,Fite,johnetta.reddy4193@fresh.le.it
1978-11-12,Vertie,Roche,tatyana8@yahoo.com
1992-06-16,Jerald,Walton,jasminknudson@des.com
2021-11-02,Doreen,Witte,enoch.mack0637@hearing.com
1997-10-10,Jasmin,Tidwell,pennihaynes750@grew.com
2012-11-23,Ivonne,Wayne,donrandolph69866@gmail.com
2006-06-12,Vivienne,Marble,dominiquebetts737@gb.com
2008-09-26,Sherell,Whitfield,cory.cornell@zoning.com
2010-09-17,Karyn,Boston,jolie.fender-winslow@integrate.usa.museum
2008-05-16,Edwardo,Reagan,iliana09564@cheque.com
2003-01-02,Kelvin,Lovell,laelboyer69@yahoo.com
1977-10-11,Marta,Vue,lessie332@continent.com
2017-09-14,Lisha,Vallejo,gertrud.maas@cup.com
2012-06-22,Selene,West,leda3@gmail.com
1983-12-02,Amee,Delagarza,cruz.reagan34983@plus.com
2012-09-29,Antonietta,Lew,isabel-redd@gmail.com
1972-11-13,Sterling,Hurley,buffyhackett847@yahoo.com
2000-12-18,Marquitta,Montalvo,thea783@documentary.com
2010-01-26,Zaida,Briseno,ying-varney@judicial.com
1999-04-29,Jerica,Reyna,janeth_staggs@precision.com
1970-07-21,Tamiko,Epperson,hortense-felts92@petition.com
2015-03-21,Aron,Devito,karonfredrickson@hotmail.com
1983-01-17,Rae,Schwarz,otis0348@gray.com
1974-12-14,Millie,Hopper,krishna-sheffield4617@key.com
1993-01-16,Antony,Benavidez,jessie79696@hotmail.com
2003-12-15,Caroline,Thames,janachoi4457@hotmail.com
2002-05-24,Kathe,Calabrese,kassandra49@teen.com
1990-08-12,Beau,Camp,heidy.tobin6@gmail.com
1972-09-28,Charity,Bruce,nelida.victor@doug.frog.museum
2004-03-10,Page,Tejeda,vitomeehan89795@yahoo.com
2002-06-15,Chanelle,Tisdale,cory-ragsdale220@worldwide.com
2012-01-28,Tambra,Sears,nikole6985@hotmail.com
2018-06-22,Drusilla,Scruggs,laurel196@hotmail.com
2000-02-23,Edyth,Barger,livia6863@yahoo.com
1989-03-24,Chin,Canales,zetta-madison2675@yahoo.com
1978-06-09,Jolie,Marra,antioneburke@providing.com
1996-03-23,Kasey,Kirby,waneta_chang697@yahoo.com
2023-01-18,Dante,Rich,leoma_chamberlain-mayer@framing.com
2019-05-13,Nicol,Brothers,carly-bagwell@cool.com
1972-07-30,Joana,Alvarado,graciela_hillman63@yahoo.com
2009-03-29,Louvenia,Godinez,tericabenefield-feliciano@yahoo.com
2016-12-20,Norman,Rojas,deniceallan5214@yahoo.com
2011-09-12,Deandre,Kirkwood,lizzetteacuna-harvey@classic.com
2015-01-22,Rosalee,Tabor,avril971@outlined.com
2004-10-15,Olin,Danforth,autumn_narvaez4@gmail.com
1984-06-03,Madalyn,Delaney,wynellweiner@ace.com
1977-08-14,Berna,Hilton,jaquelyn06@hotmail.com
2019-04-28,Kristi,Jacks,danuta845@chairman.com
1995-02-04,Scarlett,Coons,azalee_lerner92@titles.com
2001-12-20,Sanjuana,Stricklin,vivienne.spearman2400@hotmail.com
2022-10-21,Adriene,Mcmillian,theron.borges840@traveling.com
2020-11-21,Rudolf,Himes,jule6@suggestions.com
1995-08-16,Ronald,Criswell-Holloway,chasidy.saddler926@monaco.com
2021-05-23,Joline,Bethea,ronny2@gmail.com
1973-10-23,Usha,Blankenship,stephania-fredericks@los.com
2008-10-11,Odis,Casillas,caren7@hotmail.com
2013-03-29,Rocky,Fontaine,madiebeauchamp736@artificial.com
2014-03-01,Rita,Cady,lilliana7019@tutorial.eiheiji.fukui.jp
1988-09-20,Julieann,Lackey,zenobiaeden@festival.com
1995-06-22,Sheri,Elrod,raleigh-chambers87349@yahoo.com
1979-11-05,Elidia,Salcido,cordelia9@gmail.com
2017-05-29,Juliann,Sheldon,kia-snider@took.com
1979-04-01,Sherill,Abel,emile67443@patrick.com
2011-02-24,Elene,Hong,janellevu@yahoo.com
1996-04-16,Deonna,Ocasio-Otto,latricia-trejo@pharmacology.chuo.chiba.jp
1990-10-17,Bunny,Marcotte,gregorio-kunz79286@gmail.com
1976-07-22,Mike,Skelton,candace.vang4@pavilion.com
2017-01-30,Laura,Abney-Cardona,lorina.hawley9@yahoo.com
1987-08-21,Rosalyn,Holly,ameehebert2965@gmail.com
1985-08-10,Lesli,Easter,setsuko-stclair@gmail.com
1984-09-10,Tianna,Crooks,sidney7@recreation.com
1998-07-01,Rene,Fuchs,toshia22833@so.com
1977-05-15,Lilla,Perrin,antoinemangum-blue@volumes.com
2011-07-16,Debera,Pardo,lou_withers@gmail.com
1999-09-21,Jonie,Verdin,geraldo_bryson7@cruz.com
1971-05-25,Sheron,Landers,onitawindsor547@cp.com
1979-10-01,Chandra,Wiggins,shantay27819@yahoo.com
1998-09-29,Jed,Monaghan,matilda-skinner@flash.com
2001-04-28,Leticia,Haag,janita_mayes@yahoo.com
2007-03-13,Rachelle,Mcneely,caterina-bowers@yahoo.com
2012-01-01,Classie,Kenyon-Bronson,georgette-honeycutt3668@view.sandnessjoen.no
2012-05-05,Brenna,Krause,felicidad65@hotmail.com
2001-12-10,Eli,Steiner,damian_yazzie@gmail.com
1992-07-08,Ping,Ford,rob_teal3950@gmail.com
1988-04-06,Jodie,Shipp,gabriella99@hotmail.com
2007-07-20,Mariel,Sutherland,tasia.bounds40831@hotmail.com
1979-07-24,Lorina,Torres,reiko_noonan4@yahoo.com
1989-10-26,Sigrid,Joyce,fredrickwithers94584@yahoo.com
1976-07-17,Gay,Duggan,catarina6803@mistake.com
1970-02-06,Elicia,Dowell,candace-bracken3@hotmail.com
2009-03-24,Maragret,Farrington,walterroller3507@gmail.com
1971-05-26,Letty,Owen,pedrosaavedra799@rep.com
1971-04-29,Maxie,Snook,ofeliagarza414@gen.com
2012-04-04,Jade,Bennett,hyo.moen9@determination.com
2015-08-07,Cruz,Bedard,rudolf.wisniewski72261@hotmail.com
2008-09-18,Reid,Christopher,karyn_mcgee@noticed.com
2005-03-21,Bridgette,Partin,anderson-phelps67@yahoo.com
1970-11-27,Venus,Stanfield,kenishahuynh46933@gmail.com
1982-03-16,Era,Bowser,janeeharden@coming.odo.br
1991-02-06,Daniel,Mcgrew,marx-borden02280@hull.com
2003-05-04,Amada,Mcmichael,sherri17@association.takikawa.hokkaido.jp
2017-09-16,Graig,Sturgeon,lucius-dalton51866@hotmail.com
2012-08-24,Verla,Gooding,grover_mcallister17559@yahoo.com
1992-01-01,Paz,Downing,yan4@yahoo.com
1996-07-29,Candice,Langer,delora-swenson@yahoo.com
1992-12-19,Ligia,Feeney,scot_whittle@neon.com
2010-05-02,Jesus,Chisholm,marcella_blaylock281@modifications.com
1977-03-25,Cuc,Wagoner,tabithaavalos@hotmail.com
2003-09-02,Bailey,Stearns,charles.cottle40983@yahoo.com
2020-01-19,Marilu,Philips,lazaro.trujillo-hadden31999@newcastle.com
1970-03-14,Suanne,Reichert,burt.epstein@hotmail.com
2019-01-15,Russ,Field,booker_alford@microsoft.com
1989-02-22,Cherelle,Crenshaw,maggie.moore7327@employer.edu.ar
2017-09-08,Brianna,Simone,raymonde.marin7@gmail.com
2004-10-07,Luise,Leung,shanelle-cable2589@hotmail.com
1992-08-21,Caron,Ireland,lloydblalock@actress.com
1979-11-21,Genesis,Mcclelland,meridith5@gmail.com
1987-02-18,Wilbert,Beeler,birdie_fryer4142@personally.com
2013-04-23,Bell,Wellman,janna_gist68295@integration.com
2012-01-15,Tony,Doll,kandi0@hotmail.com
2007-04-18,Antone,Grey,denita80@dpi.com
2004-11-19,Jack,Baumgardner,kerstin-colvin@hotmail.com
2002-09-16,Thanh,Roby,naoma4@yahoo.com
2001-01-10,Rebeca,Prado,nelly.jefferies@yahoo.com
2016-08-02,Tomeka,Silas,lucina965@gmail.com
2014-08-22,Felix,Fischer,emmaline-conn@prefix.shimokitayama.nara.jp
2011-11-11,Faviola,Henke,greta_stark@hotmail.com
2001-02-02,Tyron,Fritz,dorie-gay@conditioning.com
2019-09-04,Lorna,Younger,angelica.tibbs00@envelope.cookingchannel
2020-04-26,Esther,Fajardo,sherwood900@gmail.com
1997-09-25,Cordell,Aguayo,jenell-huey-coffman@seq.com
2002-11-23,Kamala,Gardner,josette_dillon@hotmail.com
2022-08-24,Thea,Pulido,reagan-wallis@helmet.com
1987-11-17,Rutha,Pena-Clevenger,elanor02634@gmail.com
1995-07-20,Rosario,Franklin,mariah.ocampo3399@bbs.com
2022-07-24,Tuyet,York,carolann-muhammad-denney@copper.com
1990-12-03,Dalton,Rawls,laureen1308@proven.com
1999-07-18,Dorsey,Harrell,leonilatimmerman@footwear.com
2016-08-24,Stephanie,Jobe,chad_narvaez841@gmail.com
1988-08-25,Alfreda,Kinsey,lyndsay-greiner@sitting.com
2016-07-24,Mary,Moffett,brittanifabian@changes.from-ms.com
1984-12-04,Ariane,Rangel,nicola_mooney@yahoo.com
2022-11-16,Arnetta,Rush,britteny4@gmail.com
1973-08-27,Rosemary,Cintron,edris94363@coast.com
1988-08-11,Eva,Wild,kerri67393@yahoo.com
2005-05-05,Anastacia,Noble,danica826@gmail.com
1991-02-15,Mario,Pulido,alanstclair73525@suppliers.com
1976-03-05,Dustin,Barton,rossie7408@pat.com
2012-05-02,Tanna,Harley,yoshikosurratt18850@gmail.com
1999-10-16,Meghann,Brinkley,andrew322@nottingham.academy
1996-06-18,Felipe,Lindsey,reyna773@hotmail.com
2014-12-24,Sage,Cates,carlos_tidwell7827@hotmail.com
2007-12-29,Sarina,Borden,vania_wood34308@pacific.com
2004-09-12,Soledad,Sheppard,ghislaine30@invest.com
2018-07-29,Ora,Richmond,lanora7840@yahoo.com
1988-08-25,Olinda,Mccloud,reginiawallin@yahoo.com
1989-07-01,Myrna,Langlois,tomassylvester@vegetable.com
1988-02-22,Coretta,Schaffer,hilma316@yahoo.com
1979-11-03,Irene,Bollinger,rolande65203@hotmail.com
1988-12-04,Modesta,Himes,ming537@exchanges.com
1971-03-09,Sha,Heinz,xeniaweaver@profile.com
1988-01-05,Kandy,Inman,oralee.baptiste@yahoo.com
1975-11-11,Lovetta,Crook,athenaerdmann654@mali.com
1970-09-13,Gladys,Devore,deena.thayer29@noted.com
1973-04-22,Fidela,Beattie-Ledoux,krysta7306@gmail.com
1988-05-28,Numbers,Albert,blanch-singh@stereo.com
1979-10-06,Shin,Ybarra,frederick_ferrell@hotmail.com
2000-03-22,Basilia,Gillespie,luana-kuykendall6@be.com
2003-01-28,Kathy,Batten,anton_young7@yahoo.com
2010-01-14,Beth,Denman,candida_finnegan@gmail.com
2020-07-07,Marquis,Maes,sophie04109@gmail.com
1990-07-20,Arlena,Hager,breann2952@yahoo.com
1976-10-30,Misty,Otero,rachael.early-gross9@bedding.com
2001-06-11,Eryn,Lawson,nelda.velasco619@fund.com
1978-05-13,William,Couture,debroah90@work.com
1975-01-13,Beverlee,Stack,christina-hendon@basket.com
2005-07-29,Edwina,Langford,florine92@from.bofa
1991-02-11,Jacquelin,Wentz,aurelio17785@hotmail.com
2001-10-14,Stormy,Browne,fransisca_wilkins@gmail.com
2015-01-12,Vada,Ames,sharilynschreiner@uzbekistan.com
1990-09-05,Betsy,Camacho,bridget.plante0@hotmail.com
1982-07-27,Mathew,Easterling,phillip_wilburn4658@infections.com
1980-01-21,Eleni,Sayers,ying_corbin62420@largely.com
2010-10-12,Lamonica,Linton,mabelle_staley78776@yahoo.com
1997-09-18,Julietta,Greenberg,dannielle-witte3052@gmail.com
2009-03-27,Raymond,Pederson,karla29048@players.com
2008-07-08,Lorette,Chew,tyra.aguirre@typically.com
2017-06-08,Georgianne,Shrader,aundrea-graham@hotmail.com
2011-05-25,Zack,Horvath,jayme6@hotmail.com
2007-02-16,Burl,Farley,amos_barreto@yahoo.com
1979-10-23,Kelvin,Ashcraft,kiera-waldron@ext.com
1971-01-13,Denny,Abell-Sosa,mariano9@hotmail.com
1997-09-06,Lindsay,Hinkle,shae.nickel@tract.com
1973-03-15,Margo,Whittle,arie613@magnet.com
1990-08-06,Delila,Williams,oretha5404@organization.is-into-cars.com
2014-01-07,Shawna,Guido,rosenda-guyton@hosting.marnardal.no
1970-10-17,Tamela,Whitlock,reva_sloan7768@yahoo.com
2009-06-14,Burton,Fortune,fernanda_manson71@gmail.com
2008-01-16,Buffy,Bullock,etta_henry7@flip.ambulance.aero
2008-11-09,Elma,Mora,jimmy.correia@cookie.com
2007-10-01,Branda,Post,lenora_bird531@hotmail.com
2002-02-07,Shirley,Mouton,kathyrn_gonzalez4561@genealogy.com
2016-01-05,Karmen,Mcdonough,clemmie9230@yahoo.com
1985-09-09,Tiffanie,Emerson,krystyna_hatley2185@will.com
2008-07-03,Lynetta,Parrish,shizue.silas90562@yahoo.com
1971-01-20,Gussie,Larsen,monroe_cutler@hotmail.com
2019-10-19,Jimmie,Thorn,dennis3833@deposit.com
2023-02-05,Coreen,Chisolm,john.laroche06931@hotmail.com
2014-09-30,Moses,Desimone,juliana_vitale0@yahoo.com
1971-04-05,Ozella,Batista,dominiccowell573@factory.com
2015-02-09,Rudy,Tavares,emmy.whitehurst@yahoo.com
1980-02-04,Oda,Foy,shantay-sager@hotmail.com
1978-07-07,Dorothy,Vega-Whiting,antonetta4812@gmail.com
1971-12-29,Letha,Blythe,lanelle_cummins4675@gmail.com
1974-03-31,Ara,Armstead,don6@compressed.com
1972-10-07,Cherri,Fellows,janae.yost92@regardless.com
2007-04-29,Oliva,Gladney,roselynfulmer9892@foreign.com
1997-12-16,Cindy,Schell,waneta_mount@yahoo.com
1984-09-20,Kelly,Kaye,delorse875@teddy.com
1988-10-11,Olene,Shifflett,candance3@gmail.com
1972-09-02,Rita,Franklin-Forman,kiera-yoon@federation.s3.amazonaws.com
2017-02-10,Michelle,Nowell,bea-stubblefield@yahoo.com
1986-08-23,Giuseppe,Layman,star_lessard590@steal.com
1984-02-27,Kaley,Mcneil,marcelle.diamond-hogg2182@gmail.com
1970-02-04,Rocky,Flora,micki_soper@according.com
1983-12-01,Evelina,Roybal,clark_mcafee@yahoo.com
1996-01-01,Diane,Doherty,ginger_choate39@hotmail.com
2004-08-26,Lazaro,Dexter,kristian-schulze3089@gmail.com
1997-08-08,Dillon,Sherry,misty89@semiconductor.com
2019-07-30,Emanuel,Gates,coleman_glaser67@routines.com
2008-03-25,Kylee,Mcdonald,dickpyle@yahoo.com
2016-08-07,Angelia,Ballou,melisa86@hotmail.com
1970-02-06,Yan,Vang,chana484@gmail.com
1977-12-26,Vicki,Sherrill,mayolanoriega@gmail.com
2002-04-19,Fransisca,Broadnax,brande_muse@xhtml.com
1993-07-20,Azalee,Betz,lawana-grey53466@yahoo.com
1993-10-23,Clelia,Gaffney,opalmcrae43902@sw.com
1974-10-11,Marquetta,Emerson-Flaherty,deanna.barney25@hotmail.com
1978-03-05,Adolph,Boone-Melancon,charlesetta21@hotmail.com
1989-06-27,Linda,Boss,clair_conners05@hotmail.com
1993-12-11,Esmeralda,Whipple,rachael.leavitt8992@beds.com
1985-05-03,Carley,Burton,franklin-cress81@blackberry.com
1997-04-24,Rogelio,Holley,kizzievanhoose@gmail.com
2007-08-20,Kimberely,Keegan,cassi54758@jesse.com
1982-03-03,Tamisha,Null,gearldine4575@begins.com
2006-06-10,Barrie,Reiter,ariel32@yahoo.com
1992-08-10,Alesha,Nixon,rufus0@hotmail.com
2010-01-21,Chara,Armenta-Click,gabriel_quintanilla-swain88021@newcastle.com
1971-02-03,Eboni,Jordon,lilli_villarreal82@gmail.com
1993-01-23,Jesusita,Harvey-Segal,melina-meredith@yahoo.com
2010-07-17,Darwin,Carmack,cordelia7039@medline.com
1990-07-26,Gaye,Gregg,lala7460@integrity.com
1984-07-19,Geri,Howe,sachiko-lugo@bedford.com
1982-09-13,Hazel,Medlin,ciara_hammonds7@woods.com
1997-02-19,Clarita,Mayer,shila00187@tm.com
2013-03-26,Lauryn,Bolden,jaclyn_pomeroy73@gmail.com
1975-12-04,Alycia,Hales,brigid-fowlkes40@piano.sciences.museum
1999-04-07,Rochel,Morgan-Mckeown,sanda5@yahoo.com
1982-08-08,Briana,Thames,marlys55699@voltage.com
1990-09-18,Euna,Hurley,hailey6@bathroom.com
2023-04-24,Kirsten,Michel,sena0@tooth.com
2011-12-26,Halina,Wheatley,charles-hartman@gmail.com
1999-01-08,Marvel,Jacob,jae407@yahoo.com
2006-10-18,Asha,Mcclinton,allena88@z.com
2014-12-26,Serina,Sharkey,abigailjose77@hotmail.com
2012-07-09,Ronda,Harwood,evelin_wheat49@flashing.com
1999-05-10,Cherie,Self,nena-younger@gmail.com
1997-02-06,Aldo,Pinson,ila_mosier1809@hotmail.com
2005-06-11,Shira,Jefferson,cordie894@hotmail.com
2000-10-13,Coleman,Roberts,maribeth_veal@yahoo.com
1991-04-28,Marcene,Neuman,rosaline-medlock7@log.k12.al.us
1973-01-03,Blair,Jeffery,myong-berryman@yahoo.com
1979-04-23,Ruth,Falls,yang2139@gmail.com
1991-10-24,Odessa,Grier,sophie.sykes@yahoo.com
2017-03-03,Dusti,Sheffield-Watt,shirly.romero4@yahoo.com
2010-12-21,Lashay,Quintanilla,miss.applegate@composition.cc.wv.us
2008-11-06,Maegan,Ayers,caitlynireland@gmail.com
2014-12-23,Vernia,Mcclanahan,rosemarie-fish@majority.kp
2000-06-17,Kaylene,Mckee,shirl_sweet@hotmail.com
1985-09-25,Santos,Paz,mercycorrea7@nationwide.com
2017-09-21,Sulema,Sawyer,gertha_phillip13600@hotmail.com
1992-09-24,Hertha,Larson,breanne-meador@merge.ama.aichi.jp
1998-06-03,Magda,Hornsby,kyong88974@gmail.com
1991-02-28,Gilberte,Rosen,delana_gladden1157@machines.com
1994-06-05,Lorri,Palumbo,junerosas5@yahoo.com
1979-05-19,Savannah,Okeefe,imelda-chester73632@hotmail.com
2011-08-01,Buck,Mcclanahan,noble_arriola@browser.com
1976-05-24,Candelaria,Ashford,karolyn-saldivar@yahoo.com
1987-05-27,Keturah,Florez,lorraine_graff@hotmail.com
1972-08-22,Carolina,Daily,sherlenestarkey@hotmail.com
1973-02-03,Lourie,Carman,guy-wilber-lundberg126@gmail.com
1973-02-09,Phil,Nutt,oraliaoverton@century.com
1973-12-31,Tonita,Tillery,francisca_huntley99808@train.com
1995-09-02,Celestina,Batiste,markusbillings@hotmail.com
1999-03-07,Aldo,Pruett,mora02@summit.bbva
1991-03-09,Ward,Hoskins,lawana-arthur2157@hotmail.com
2013-04-26,Edris,Patten,jamika-pimentel-barrows45@yahoo.com
2002-05-02,Anastasia,Eldridge-Doll,farrah.pence59@senior.com
1978-02-16,Jess,Dietz,luther3@stewart.com
2004-10-03,Irma,Arias,providencia566@setting.com
1977-01-12,Corinne,Zarate,january07710@hotmail.com
1983-09-25,Shanae,High,loyd5526@yahoo.com
2008-04-10,Malissa,Weatherly,brendon-haley@parties.com
1974-11-30,Elton,Christenson,lynette692@yahoo.com
1986-07-29,Ka,Garland,addie_ferrari9@gmail.com
1989-07-13,Dolores,Cyr,miquelcalabrese@hotmail.com
2021-10-06,Shena,Carbone,asia.janes32@yahoo.com
1981-02-07,Cyndy,Reddick,mathilda62@gmail.com
1991-12-24,Jackqueline,Lunsford,demetria-raley8305@gmail.com
2018-04-06,Kerstin,Tyree,nickoledominguez026@hl.ಭಾರತ
2001-04-08,Hildred,Jessup,noella668@yahoo.com
1983-03-23,Murray,Hendrickson,brooke-cathey70463@yahoo.com
1989-02-10,Vicenta,Herr,sharondabarber1306@worth.com
1999-07-03,Sanjuanita,Deleon,majorie_briseno63@yahoo.com
2005-07-29,Moshe,Parrott,florencio_nathan@yahoo.com
1972-12-26,Gilberte,Hutchison-Arevalo,shanice93274@hotmail.com
1987-03-23,Lauran,Avalos,deonna_dunn@scotia.com
2004-07-13,Bryan,Cagle,jasmin_bolt@endorsement.com
2000-04-20,Janene,Healy,noble-bernal-rodman@hotmail.com
1991-12-18,Lashonda,Denham,julieann08@elimination.com
1989-03-27,Gaynell,Osburn,kirstie-mize19@yahoo.com
1986-07-22,Velma,Dumont,waneta.boyles9@hotmail.com
2016-03-12,Brittanie,Locklear,nita8@gmail.com
1991-10-21,Raymundo,Barrios,iola.krauss@shorter.ambulance.aero
2022-06-11,Quinton,Glasgow,tamera298@hotmail.com
1991-12-11,Marisol,Guffey,karry_keys@yahoo.com
2022-02-07,Marcela,Deal,anishastark06@crimes.com
2021-11-19,Virgina,Coley,chantell.meade@yahoo.com
1996-11-02,Camille,Knudsen,jere937@hotmail.com
2006-01-17,Jamel,Welch,paola4@yahoo.com
1991-07-30,Lionel,Butterfield-Royer,jesusa.lo@task.co.vi
1983-05-24,Corinna,Beeler,maris-laird88568@sage.com
2009-07-12,Sunny,Treat,howard.jackson@hands.com
1990-07-11,Leonora,Pinson,tressa1228@reprint.microlight.aero
2011-05-14,Stasia,Faison,ervin5055@loose.com
2009-01-13,Bo,Lauer,chin-stepp@gmail.com
2018-04-23,Patria,Engel,odilia478@valuation.com
1992-05-16,Debora,Bender,bong_shin@yahoo.com
2022-12-04,Gala,Wyatt,audriamoyer2@hotmail.com
2017-10-10,Mackenzie,Brookins,brigid_galarza502@observation.com
2020-05-16,Josphine,Lacroix,sheridanpoore66464@fantastic.com
1982-07-28,Lawanna,Albers,libbyfalcon@gmail.com
2012-01-21,Sharron,Petersen,ligia6@enrollment.com
1997-04-13,Laurinda,Causey,kristopher-spears784@gmail.com
2019-12-18,Sheila,Chastain,daina397@demand.com
2022-06-24,Merissa,Stein,gema.castellano2255@yahoo.com
1995-09-07,Euna,Irvin,lorine_burrow@gmail.com
1993-06-10,Dannette,Trammell,maia_sturdivant@hood.com
2007-04-27,Beverley,Prado,roseline_wahl@explicit.com
1975-11-23,Harmony,Putnam,mose.zuniga239@we.com
1991-09-22,Livia,Brazil,kemberly_breeden91068@rides.com
1976-08-21,Reagan,Wadsworth,gabriella37@pale.com
1997-01-08,German,Deboer,nan_bayne08129@hotmail.com
1986-01-25,Karie,Boettcher,jessika.hatch44810@gmail.com
1971-06-27,Von,Hildreth,rashad-ackley1130@sequence.ogawa.ibaraki.jp
1991-11-12,Carmen,Dodge,lauralee7472@yahoo.com
1984-07-31,Daphine,Coker,tiffani.sanders@gmail.com
1997-09-20,Evette,Pennell-Needham,chanell.griggs90@yahoo.com
1974-12-20,Shanda,Montero,lennie.kline3009@yahoo.com
2002-09-10,Myrtie,Tobin,latosha2@ali.com
2014-01-18,Dorethea,Woods,jestine03@gmail.com
1973-02-14,Rhiannon,Walker,hiroko29@gmail.com
2003-03-24,Nikki,Neil,teresa_sanches8604@briefly.com
1988-05-06,Gay,Byrnes,honey-mcgregor@denied.com
2014-04-23,Johnson,Billings,coral_dick@legs.com
1998-10-16,Keely,Oakley,mindy751@gmail.com
1981-07-31,Glendora,Kohler,sharlene-lugo45@gmail.com
1998-05-16,Lyndsey,Stephenson,werner.emery06296@gmail.com
2020-01-25,Victor,Heckman,loreneback5593@gmail.com
2004-04-28,Brianne,Head,shebaflorez40310@hotmail.com
1982-05-01,Violette,Villagomez,talitha_herzog-tomlin@yahoo.com
2013-01-30,Tameika,Ness,slyvia-marshall50@active.inawashiro.fukushima.jp
1990-03-07,Dina,Terrill,stanton_tenney05219@yahoo.com
2009-12-20,Edna,Felix,carl202@boolean.com
1996-08-10,Kathyrn,Avery-Hairston,audria0366@keeps.com
2016-02-28,Carylon,Haskins,anisa.mcfarland@yahoo.com
2012-12-29,Sharlene,Guillen,ezekiel_costello@gmail.com
1979-05-21,Valarie,Ricketts,shin.dorman@gmail.com
2022-02-09,Clayton,Lebron,clarissa_phillips9349@hotmail.com
1988-06-07,America,Peace,norine_mcdade507@gmail.com
1970-04-25,Gail,Royster,ute8@gmail.com
1990-10-11,Bobette,Song,sandi4314@africa.com
1980-11-12,Sharita,Spann,rachellzepeda514@limitations.fineart.museum
1977-07-11,Kathyrn,Mercado,luise-pool3164@shift.com
1971-12-11,Tyrell,Baumgardner,joseph8523@oils.com
2023-01-26,Arla,Lear,wynell.oswald@ld.com
2014-03-18,Vannessa,Grider,myrle-kellum@hotmail.com
2013-11-28,Luz,Yount,theda356@auckland.com
1989-08-23,Lucila,Goodwin,pablo-wicks0@gmail.com
1980-12-21,Zora,Barnhart,elida-pedigo84@yahoo.com
1978-02-28,Chandra,Bradshaw,ilda68477@gmail.com
1988-03-03,Lu,Garber,lilla0@raising.com
2004-08-06,Almeta,Trinidad,dave-willoughby9358@hotmail.com
2007-08-19,Tamekia,Meek,zitabillups50@yahoo.com
1984-12-29,Claretta,Bobo,claynix-melton3146@hotmail.com
1990-07-11,Roni,Hennessey,charley-christenson7121@hotmail.com
1992-08-11,Tonia,Friday,alizadanforth@hotmail.com
2018-02-18,Caren,Crum,monte.meier@hotmail.com
1974-01-28,Laurine,Abreu,linneachurchill30@hotmail.com
2013-05-15,Monnie,Rankin-Whitmire,alba.wolf750@supplier.bonn.museum
1983-05-13,Garth,Norman,emanuelcornett@yahoo.com
1993-12-31,Cheyenne,Yoder,barbra0394@creatures.xenapponazure.com
1973-11-10,Logan,Larkin-Stevenson,hye_gonzalez35@motel.com
1991-04-21,Javier,Graf,quintin-mcgrew72@yahoo.com
2005-05-01,Lyn,Acosta,ina9095@toys.com
1979-04-15,Sandy,Mcdougall,silas34648@hotmail.com
1987-09-18,Tasia,Farias,delmer_madden@continental.com
1996-11-12,Tania,Mclaughlin,madlyn.truong@gmail.com
2015-02-12,Deanne,Clemons,cayla-romo@mess.com
1972-11-25,Garnett,Patel,rachel_crow@yahoo.com
1999-02-23,Janet,Putnam,conrad-heim11155@duty.com
2014-10-06,Marth,Kuntz,jess-hutchens95065@gmail.com
1987-06-03,Altha,Callaghan,clare-menendez-glaze795@yahoo.com
2003-11-25,Russell,Chapa,jonas_hooker@gmail.com
2002-06-05,Voncile,Coats,ebonie_chapa2451@yahoo.com
2013-06-21,Marc,Frey,kary-hankins947@gmail.com
2013-06-16,Amparo,Schweitzer,pearle2@rides.com
1980-05-10,Britt,Root,harland788@offline.com
2015-10-17,Torri,Fain,mitzi1@gmail.com
1970-10-05,Lauren,Randall,alexa_mcgehee@liabilities.com
1976-03-20,Sabina,France,stephenie.peacock60@smilies.com
1983-07-27,Ashly,Ginn,fredda.bethea8@failure.com
2004-02-20,Ilse,Bartlett,leila.downey1215@hotmail.com
2008-07-30,Jerilyn,Lawrence,adolfo-wilke@animals.com
2015-02-05,Shemeka,Fox,tomi.adame@yahoo.com
2016-06-18,Beulah,Crouse,nildabenefield@viewing.carboniaiglesias.it
2017-04-18,Scarlett,Meyer,hobert.chester@yahoo.com
1975-06-16,Jeri,Wilkins,noellemarshall0@screening.com
2023-01-14,Cecelia,Brewer,jenelle.cisneros3018@hotmail.com
1996-06-27,Sterling,Stuart,dainericketts@occupation.wazuka.kyoto.jp
1986-02-14,Alexandra,Helm,zoraida-laney@gmail.com
2007-11-10,Brande,Mccrory,shanita_sides95@yahoo.com
2016-03-12,Arcelia,Tirado,tonda_van50@pressing.com
2008-08-06,Lai,Potts,lynna23510@transferred.com
1976-12-26,Gillian,Krause,willia.ochoa69@fastest.com
2010-03-22,Yesenia,Seay,gina79062@trustee.com
2022-08-17,Detra,Patten,shonta_broome-peoples@gmail.com
1994-09-02,Booker,Blackwood,dann.wheatley82@kept.snåsa.no
2009-06-16,Gilbert,Hastings,justina-sutton7701@hotmail.com
1974-05-04,Jennell,Loving,hildegarde0@yahoo.com
1970-06-14,Maricruz,Rosenbaum,jimmy75108@yahoo.com
1985-06-30,Julia,Shorter,karisa-alonso@opposition.uk
2000-04-01,Carri,Gaddy,crissy94@reproduction.com
1982-03-19,Allyn,Whittle,doretha2766@barrel.co.cr
1993-03-18,Lorretta,Murillo,theresia7@tend.com
2000-02-24,Isaiah,Casey,latonya2300@attachments.ac.mu
1978-09-03,Katelyn,Mcfarland,truman-glynn7@gmail.com
1970-12-03,Aileen,Wasson,armandina55845@jelsoft.com
2020-07-09,Wanetta,Dobson,christeen.hamel@gmail.com
2020-06-20,Brittani,Zook,galina-frame@vanilla.com
1991-09-17,Myesha,Luckett,mable20563@august.com
2016-12-18,Kera,Acosta,robtolvera111@hotmail.com
1975-08-30,Jc,Deal,simone5@yahoo.com
2021-10-28,Pia,Staley,lorene.wakefield95@gmail.com
1986-10-14,Alfredo,Popp,ruthannavery30@cassette.com
2000-03-12,Tran,Pappas,mitsuecurran6@foto.com
1988-06-30,Afton,Sorrell,vivian.israel35438@gmail.com
1986-01-10,Garfield,Beers,gerry4742@yahoo.com
1997-06-20,Emmie,Fogg-Jensen,beth.toney47@yahoo.com
2013-01-02,Latrice,Kendrick,gearldine_ventura31609@hotmail.com
2009-02-08,Xiao,Canada,rodgereng@gmail.com
2020-08-19,Lala,Damon,lurlene_bankston4@hotmail.com
1998-06-25,Garfield,Geary,mee_lowell20@gmail.com
1972-01-01,Ching,Locke,ginger-ledoux@muze.poa.br
1978-01-11,Lucilla,Maxfield,felixheadrick8@andale.com
2013-10-27,Lonna,Prichard,mariannawinchester@sofa.com
2010-02-24,Marquita,Evers,tasia_quarles@gmail.com
2011-06-05,Tiny,Witherspoon,maynard01032@tgp.com
1976-12-03,Gita,Landis,winfred009@collector.báhcavuotna.no
2001-10-23,Dorthy,Smalls,pete-dulaney@yahoo.com
2000-10-07,Emerald,Markham,racquel-moe@functionality.com
1978-10-11,Katia,Shank,michelle91463@hotmail.com
1975-10-28,Darell,Stanfield,judi5@adjustment.com
1995-02-24,Laquita,Whiting,yahaira_muhammad@location.com
1973-11-14,Cris,Dodd,aliza_eng550@invasion.com
2019-02-01,Ela,Montano,marquisfernandes-keenan@hotmail.com
1978-04-02,Lorrie,Burdick,augustina-minor@gmail.com
2021-01-18,Scottie,Lovett,laine.power@hotmail.com
1999-10-09,Camilla,Santos,jessie.person573@improvements.com
2007-07-01,Norene,Wynn,judi-noe85142@gmail.com
2017-11-26,Rebbeca,Sturgill,kiley.mattison@fine.com.so
1972-06-23,Zenia,Barth,rueben_folse3@gmail.com
1995-12-25,Damian,Speer,abbie_kaufman@tee.com
2013-12-03,Arla,Gilbert,ashley896@hotmail.com
1995-12-31,Miesha,Trowbridge,sergio_mendoza@hotmail.com
2016-04-21,Crissy,Scruggs-Snodgrass,dane.downey@charlie.mobara.chiba.jp
1996-02-20,Jinny,Haggerty,jamison.finney@canada.com
2007-11-16,Shyla,Light,malka367@allen.com
1991-10-02,Donnell,Baird,darnell_mclane@writer.com
2022-06-06,Michiko,Hershberger,lulu-cassell9009@identified.com
1975-06-02,Carolyne,Caro,cherelle.malcolm9349@certainly.com
2003-05-04,Thomasine,Sullivan,ping-echols@outsourcing.com
2005-10-20,Emmitt,Wharton,williemae.drayton@treatments.com
1981-10-05,Twila,Schreiner,tamera_hyman77290@hotmail.com
1988-05-21,Malinda,Overton,lashaymatheny575@hotmail.com
2008-05-16,Rosanne,Waddell,joeann-elrod2@basement.com
1976-02-03,Hobert,Vinson,solange-cobb564@nurse.com
1977-03-11,Roselee,Macleod,lana-kenny@risk.com
1971-12-05,Krystin,Winchester,hellen_skelton@hotmail.com
1993-01-02,Shanon,Ennis,deandre_ivey0@diagnostic.com
1975-01-03,Ericka,Higginbotham,scottie.manuel@awarded.com
2021-04-26,Tresa,Reagan,nichelle71@hotmail.com
1975-10-29,Brook,Canty,shandra2@annotated.com
1981-08-29,Charise,Gregg,blancacoleman3@gmail.com
1986-03-17,Lanell,Downing,eulasallee31@hotmail.com
2012-08-19,Weston,Grayson,corettajoe@transmission.com
2005-08-13,Corrinne,Aviles,jerrodavalos360@rendered.com
1999-12-22,Temeka,Hines,nery-gallo502@little.myeffect.net
1980-05-31,Bok,Heim,kevin3173@hotmail.com
1979-01-22,Florida,Jeffers,jesus.sisk@hotmail.com
1999-06-27,Jerrod,Loftus,kathlinetompkins360@recommendations.com
1982-05-15,Pia,Massie,shakia-lugo7@gmail.com
2003-08-20,Graham,Barbour,jacqulyn6@grab.com
1989-07-16,Keila,Cuevas,aprilmcdonnell-singletary328@hotmail.com
1987-04-20,Elouise,Christman,tomipomeroy@lt.com
1974-02-07,Niesha,Dickerson,katharinasage80@tvs.furubira.hokkaido.jp
1996-12-24,Vernell,Danner,artabel@yahoo.com
1982-08-28,Stan,Fiore,arceliawalters1378@uncle.com
1978-05-31,Tomasa,Story,sandra-gunther31@sig.com
2007-05-31,Adelaide,Barfield,belenpomeroy71@gmail.com
2023-01-29,Gavin,Lund,ethel-vogel@gmail.com
1993-05-15,Leatha,Gass-Smith,johana763@sudan.com
1997-04-18,Gary,Kearns,rashida19@gmail.com
1978-09-26,Felicita,Gilmore,bernie_keen-oreilly@hotmail.com
2006-03-11,Hermelinda,Paulsen,annika.nicholson@po.com
2006-02-05,Leonida,Bowser,hilario.reardon-headley@anderson.com
1996-01-19,Cherlyn,Caron,marnieteeter@gmail.com
1991-06-12,Millicent,Wall,collin-harless52046@healthy.com
2006-10-26,Daisy,Bingham,janay00830@ending.com
2014-10-15,Laurena,Dias,leandra1@matter.com
2006-09-07,Krissy,Rudd,lyda.odum9@hotmail.com
1976-08-13,Marcie,Shipley,mathilde7895@yahoo.com
2010-04-05,Amalia,Hundley,chet09@gmail.com
1995-01-14,Gabriella,Kendall,vernon.kaplan2558@occasionally.hockey
1970-05-23,Nieves,Breeden,gladys23@yahoo.com
1998-07-07,Lucie,Fortier,evelin3759@cut.com
2018-02-12,Steve,Ruff,steven92@reflection.freeboxos.fr
2000-12-25,Filomena,Porter,charlotte-foote4@presentation.com
2013-01-25,Beverley,Mcculloch,gia36905@gmail.com
1995-11-27,Phil,Plunkett,norbert-nix@hotmail.com
1972-12-02,Eusebio,Milburn,shanell.sikes@yahoo.com
2002-03-26,Kaley,Whitworth,mikibobo@engage.com
1994-05-01,Parthenia,Gilliam,dakotalopez6559@yahoo.com
1989-09-10,Cherish,Mccann,jody_ramos@gmail.com
2013-10-07,Isaura,Mchugh,oziehartley10@gmail.com
2012-09-18,Johnie,Dellinger,joan.malloy0754@garbage.com
2016-01-14,Jacquelynn,Rickman-Mulkey,kacey.dobbs85@doubt.com
1995-05-20,Gillian,Vigil,ashton402@aids.бел
2014-08-28,Eulalia,Rhoades,dannie98750@av.com
1985-10-08,Charla,House,carter-mclaughlin@determining.com
2005-06-04,Shawnna,Houser,dominiclogue6@need.com
2021-11-20,Collin,Salerno,georgiann876@precipitation.com
2021-05-22,Shara,Kemp,eun22@derek.com
2021-10-30,Tynisha,Wynne,eunice93344@hotmail.com
2006-12-26,Anisa,Simonson,jimmieherzog57@rotary.com
1971-09-25,Constance,Minnick,georgetta297@minolta.com
1993-08-05,Trey,Clancy,macy_tyson809@assists.yukuhashi.fukuoka.jp
1996-04-15,Anitra,Baird,fondazarate81@ur.com
1978-02-24,Willis,Tyler,magalyschaffer33077@led.ariake.saga.jp
1970-11-07,Barbera,Bechtel,wade-colby2@relevant.com
1981-02-15,Bong,Corbin,aja_mathews4@locate.cc.ky.us
2005-11-30,Rachal,Torrence,lupita_doe06@eight.com
1997-09-14,Von,Alford-Robert,kit.fusco@yahoo.com
1984-03-11,Laverne,Gagne,jim39@yemen.com
2009-06-06,Omer,Kaminski,susan_sikes@sticks.com
1997-07-08,Robena,Eggleston,daron-harwood@worn.com
1978-03-19,Sade,Macleod,ramona.bivens8@yahoo.com
2006-04-16,Rowena,Holder,vonda544@promised.gr
2000-12-05,Jane,Robinette,melda-linder8426@bench.com
2002-11-26,Valene,Frantz,veroniquekrause7@hotmail.com
2007-04-13,Valentine,Freeland,lulu736@yahoo.com
2018-11-19,Denese,White,pearle40@possibility.otsu.shiga.jp
2006-04-29,Cheryll,Sander,dahlia3@gmail.com
2020-07-13,Blondell,Getz,ariana.lowman07@hotmail.com
1976-10-03,Angelica,Mesa,cierra_snipes3@yahoo.com
1984-12-23,Seth,Phan,louvenia-alger7@neural.com
2007-12-10,Paula,Conrad,sharlarandall9@charlie.com
1977-03-02,Danae,Ketchum-Mackie,shenna.hodge@sensitive.com
1977-08-31,Karin,Roque,paola-grover@calling.com
2002-01-15,Jack,Caudill,ariana_reddy@hotmail.com
1990-12-18,Lorilee,Ware,alfredo.barnhart106@affected.com
1984-10-14,Lavone,Shipley,floretta_sikes@environmental.com
1997-05-29,Osvaldo,Wilke,hiramwilmoth4@thompson.com
1984-06-03,Mollie,Compton,rosie-norman@adelaide.com
1993-01-24,Frida,Bergstrom,bradleykolb32915@hotmail.com
1977-06-05,Carrie,Fenton,porsha041@accessed.com
2008-05-28,Hae,Angulo,wilford.bankston490@hotmail.com
2019-01-18,Jeanmarie,Omalley,karyn_lanham@hotmail.com
2009-12-21,Rogelio,Meehan,kenyetta_hodges@pour.pi.leg.br
1990-03-16,Kimiko,Southard,rigoberto.maggard98544@gmail.com
2021-09-01,Katherina,Seifert-Mchenry,ahmed_ellison79@hotmail.com
2003-07-08,Lou,Salter,morgan_vaughn8@engineers.com
1973-01-02,Lilliam,Cobbs,jeanninestover@olympics.com
2007-05-23,Sherwood,Welker,savanna24@climate.com
2022-12-17,Loree,Ruff,ellan8492@bradley.com
1983-11-11,Donald,Cowell,breanne.sanchez677@gmail.com
1988-07-29,Estelle,Olsen,shemekatheriot94586@yahoo.com
2017-11-02,Evon,Meza,serinamalcolm29@yahoo.com
1981-02-09,Dylan,Kroll,cammiehanson@hotmail.com
1979-09-27,Lavon,Elmore,piawylie5641@yahoo.com
2021-04-03,Ria,Cummins,doranail85@gmail.com
1976-07-06,Goldie,Shuman,otis5@gmail.com
1979-04-03,Werner,Mullen,lesa.owen@gmail.com
1987-06-29,Katherin,Peterman-Meade,shennachilton@poster.com
2004-05-13,Helga,Stoll,odahawes@gmail.com
2020-05-17,Bula,Drew,paulettelawhorn@rim.com
2008-02-05,Idell,Venable,kecia-beauchamp@anyone.com.io
2014-06-08,Sook,Mayfield,berniece.myers21@olympic.k12.mo.us
1985-01-30,Tammie,Toth,garryspaulding@hotmail.com
2013-05-18,Danilo,Grimm,amado01928@gmail.com
2003-07-27,Boyd,Hart,lonna39788@hotmail.com
1993-12-05,Ashlee,Goble,esta_weatherly@educational.com
2002-09-18,Olga,Ezell,mattiebeamon4@lows.com
1973-09-05,Samella,Trujillo,christin.stamps@gmail.com
1996-04-23,Janis,Reynolds,chris96104@yahoo.com
2011-07-08,Candie,Adame,cesar_powell0426@ago.com
1985-04-25,Karyl,Weiss,merrinewton@artwork.com
1983-06-11,Rogelio,Mears,junggilley@yahoo.com
2012-05-17,Monnie,Denney,auroredevlin04@yahoo.com
2019-11-28,Cecile,Hacker,alverta39126@yahoo.com
1993-08-01,Jacklyn,Freeman,alec_aldridge@yahoo.com
2005-09-20,Casandra,Jacques,shae80787@pain.ge.it
1980-09-16,Irving,Randolph,leeanna_boyd@gmail.com
2022-03-23,Rima,Nathan,antonina0980@pj.com
1975-07-01,Rupert,Asbury,daisey4@yahoo.com
2002-12-26,Chase,Carrington,ezra-clanton4351@password.com
2018-10-06,Zelda,Haywood,sonny_tellez@yahoo.com
1997-01-13,Dodie,Michels,teresia.pinkerton97@barnes.com
2003-10-11,Thanh,Pomeroy,luke2@yahoo.com
1992-08-04,Armand,Mcmullen,tena_gallo3372@gmail.com
2003-06-27,Kristine,Baumgardner,tianna.pratt@yahoo.com
2009-10-08,Senaida,Kingsley,monicaseals4413@thehun.smøla.no
2013-01-04,Joanne,Flanders,karrie-sturgeon@hotmail.com
1992-09-18,Isabell,Short,hilde.stine@gmail.com
1976-02-11,Luvenia,Dailey,chau_baber@described.com
1989-09-11,Shelby,Snipes,eliana.sterling737@hotmail.com
1986-01-14,Walker,Bourne,eliaspicer@hotmail.com
1986-06-11,Ingrid,Fox,francisco342@sons.bálát.no
1982-08-18,Zoila,Kyle,austin-alston446@gmail.com
2015-07-25,Chad,Holton-Levi,ahmedcaudill@yahoo.com
1999-02-15,Mathilde,Ethridge,joey_dyer@alike.com
2006-07-31,Jenette,Forest,robyn0195@hotmail.com
1974-11-30,Amos,Bourque,maudie9047@hotmail.com
1977-10-13,Lise,Boyette,dannyflorence@monsters.com
1979-07-18,Yetta,Cahill-Mccallister,nena_power6358@templates.gallery
1975-12-25,Adria,Wheeler,suzi-riggins@gmail.com
1985-10-12,Emma,Ritchie,eliasrhodes8@gmail.com
1988-10-28,Arleen,Dennis,olgahatley47@coast.com
2001-05-22,Adell,Richard,jena_stillman@pupils.com
1989-09-16,Sibyl,Blakely,jodi_getz@ethical.com
2001-01-25,Jeanett,Crawford,jutta_peterman497@prices.com.kz
1997-03-10,Kara,Lucero,jenell-bryan7410@repair.com
1992-10-25,Whitley,Loftis,virginia34448@roller.com
2004-10-09,Eryn,Goldberg,susannah07@diseases.com
1999-08-13,Diann,Beaty,mable.rodrigues3@tourist.com
1989-10-12,Coletta,Jewett,merlene2902@antenna.com
1991-07-01,Lacresha,Luna,venetta_blocker-valdes402@finance.limanowa.pl
2011-02-25,Dana,Drew,tammerachase5@yahoo.com
1983-07-09,Natalia,Flaherty,elvin.hwang@yahoo.com
2020-03-09,Eustolia,Parker,lane_brackett@hotmail.com
2014-03-17,Gayle,Homer-Saucedo,yun-folse@issn.com
1991-03-26,Luise,Lovelace,jewell8800@yahoo.com
1984-01-23,Minna,Baggett,nelle_mccloskey@gmail.com
2023-01-05,Marin,Fife,thalia-burley@yahoo.com
2012-05-23,Maud,Whittle,bernardo.hagen@permit.com
2009-09-15,Raye,Boyer,cleta_peyton130@according.com
2015-06-15,Carina,Sprouse,gregg8336@hotmail.com
1982-06-07,Edda,Guevara-Valencia,young-brittain3343@hotmail.com
2018-07-09,Justin,Seay,lela-fontaine40@yahoo.com
1990-08-04,Emil,Gass,henrietta_bartlett@hotmail.com
2008-08-04,Roxanna,Parks,rikki0@yahoo.com
2004-03-27,Lurlene,Haller,antonia.schaeffer643@gmail.com
2000-10-04,Kaley,Sears,georgeanna141@latter.com
2000-01-14,Steffanie,Sexton,allie.hemphill@spots.com
1991-09-04,Keri,Schumacher,georgina.vanwinkle06381@hotmail.com
1971-10-04,Camelia,Howard,elias.webb44@hotmail.com
2005-03-19,Aiko,Jolley,shannon_saylor4063@sure.sakai.ibaraki.jp
2004-04-21,Ariel,Estrada,meg995@hotels.com
2020-08-01,Cristopher,Fortenberry,abel2241@hotmail.com
1993-08-04,Randolph,Gorman,bethanie_osborne-richmond@yahoo.com
1974-12-03,Tyree,Hogue,tasha7136@involving.com
1972-09-05,Dolores,Robles,alisha-scarborough4@operator.com
1998-12-02,Kiara,Mcclellan,anabel8@hotmail.com
2019-04-01,Chung,Schroeder,nana_lewis6944@gmail.com
1978-06-03,Queen,Robinette,rasheedapierre1675@eve.com
1988-11-19,Renea,Durden,wallace-pickard@yahoo.com
1982-07-31,Kelle,Spriggs,noma.roman@hotmail.com
1992-02-09,Marian,Wray,lisabeth968@ball.com
1980-11-01,Donald,Vega,yolandemadrigal6085@gmail.com
1985-05-21,Elaine,Layne,lasonya1@hotmail.com
1972-12-17,Lanita,Hatton,shanika033@attribute.com
2021-01-28,Jeramy,Mock,maryam_grice0036@yahoo.com
2019-12-17,Lorrine,Pipkin-Lyon,tana18@cant.honjyo.akita.jp
1972-02-07,Clarinda,Urban,leila78@gmail.com
1979-12-10,Latoyia,Tolbert,donetta-baggett40@hotmail.com
1994-01-24,Melba,Tong,alanaguillen@hotmail.com
2019-03-27,Dominique,Derosa,yvette66@hotmail.com
2019-05-26,Mickey,Salcido,beverly91@gmail.com
1990-10-08,Lilliana,Fort,marlene-benjamin8234@hotmail.com
2003-07-26,Earl,Varney,earle52909@hotmail.com
1995-04-29,Francine,Sowell,pearlloftin0922@journal.com
1986-12-09,Aleen,Daily,anderson3112@yahoo.com
2003-10-31,Jama,Scoggins-Appleton,harrison.stockton6@sleeps.amli.no
1979-01-06,Birdie,Mangum,reita04324@gmail.com
2023-04-11,Enid,Benner,jannet_yee@rw.com
1999-09-05,Diedre,Halstead,margit_quinlan1579@restriction.com
1993-03-15,Sherlyn,Goldsmith,nedra.escamilla06@gmail.com
1982-04-26,Wilfred,Choate-Triplett,lakendra795@indicates.com
1993-08-28,Demetrius,Casteel,truman-markham6053@acid.com
2010-07-14,Emerson,Thomason,lashandaott30@hotmail.com
1994-11-19,Sonya,Dube,giselle2@quality.com
2014-11-27,Evelyne,Espinoza,dian5@yahoo.com
1976-06-05,Marylyn,Branson,tish-vickery8@hotmail.com
2022-11-26,Minna,Gaytan,rebecca_mccombs96321@walt.com
1977-09-21,Carlene,Crocker,elizaharden@hotmail.com
2006-06-24,Alyssa,Solomon,fritzbest51@hotmail.com
2010-01-27,Faustina,Agee,sabinebowers@yahoo.com
2021-08-28,May,Coffey,sabinabernhardt@bid.com
1987-09-29,Kassie,Schmitt,rosette-easton9085@ko.com
1998-09-28,Tanika,Gallardo,neil_shipp43252@cyprus.com
1993-11-12,Rolf,Spooner,clorinda.feldman966@incl.com
2013-08-07,Carlota,Roldan,sadyelevin@hills.travel.pl
2022-10-09,Karena,Dickson,stepanie524@literacy.com
2000-10-06,Trina,Newsome,janina-gauthier307@camel.ud.it
1998-05-11,Jacki,Benavidez,louetta.christmas5028@brick.c.cdn77.org
2004-11-17,Glady,Moser,jessenia10171@yahoo.com
2013-08-30,Antone,Pinkney,kay-mcintire6@yahoo.com
2019-10-16,Eleanore,Boyd,jarred.akin45387@hotmail.com
1997-08-08,Katheleen,Griggs,dannaboyd@yahoo.com
1989-08-28,Allison,Lash,lanibobbitt@general.com
2007-09-05,Marlin,Donato,deann764@hotmail.com
1975-10-04,Cari,Root,delora.findley@gmail.com
1972-11-11,Rebbecca,Pritchard,alisahendrick67@hotmail.com
1995-12-20,Otelia,Mendoza,libbymatson@yahoo.com
2001-10-31,Dwana,Albers,earline.nail-mccormack@yahoo.com
1993-09-13,Glynis,Sherman,lonnie_milam@hotmail.com
2022-11-25,Lance,Peter,clemente_sandberg@strand.my
1986-05-24,Tashia,Gomes,gaynelle_francis2888@hotmail.com
1979-11-09,Terisa,Ramsey,jena_barlow-macklin@gmail.com
1990-02-19,Myrl,Antoine,wm-hurtado4@description.works.aero
1974-02-20,Vickie,Mcclellan,hiroko_francois@attach.com
2001-07-14,Thomasina,Armstead-Macleod,helaine_head9833@nba.com
2002-11-30,Josue,Dallas,jamison-stapleton9588@mailed.com
1973-07-30,Alba,Hargis,tatiana75768@submit.com
2011-02-26,Valda,Moen,michaele7337@adidas.com
2002-07-01,Refugia,Fitch,vernitaholden74472@gmail.com
2016-02-13,Ryan,Chow,regenia316@gmail.com
1983-09-30,Deidra,Sage,kurt09@quilt.com
1989-04-17,Belia,Cothran,addie89729@yahoo.com
1985-11-06,Weston,Gerard,stephanie-brazil@nm.com
1979-07-11,Precious,Draper,luettarust@sessions.com
2003-10-21,Nanette,Matthew,shakira.gore484@quarter.skole.museum
1981-01-26,Avery,Humphries,caroll-mclaughlin22281@reggae.com
1976-04-23,Flor,Tennant,robena33396@gmail.com
2006-04-24,Serena,Dube-Pulido,carmon-blake19317@creativity.com
2020-08-17,Jere,Muse,dara.hylton@layout.com
1975-07-04,John,Brandenburg,tomas0440@powell.com
2014-07-01,Sandee,Lumpkin,cedrick7890@detective.com
2021-04-20,Lyndia,Perea,elvina-cardoza3@gmail.com
1988-10-25,Karissa,House,arletha-dasilva504@gmail.com
1995-06-28,Latasha,Mccoy,damaris_donald04068@yahoo.com
1981-12-22,Ethel,Deberry,dayna_talley99650@qualify.com
1972-01-06,Carylon,Borders,harley6@temperatures.com
2008-03-30,Sherrill,Hostetler,elli192@get.com
1977-10-24,Yvette,Donald,jamie_pointer79590@commentary.com
2018-08-30,Eric,Lamb-Peyton,lin.schrader@gmail.com
2019-02-26,Voncile,Stacy,janae_muhammad@yahoo.com
2007-06-23,Mayra,Seeley,marty.oakes@way.com
2020-12-19,Melynda,Abernathy,jedpagan@thumbzilla.com
1970-05-16,Tamica,Aviles,cherlyn-cagle@gmail.com
1995-04-29,Isa,Strother,phyllis_hand@cursor.shimonoseki.yamaguchi.jp
1986-12-27,Kamala,Zepeda,starr739@gmail.com
1994-08-15,Eura,Archer,un_geiger73888@travesti.com
2014-05-17,Linnea,Meek,gilda_mercier@mobile.com
1978-04-09,Mayme,Chin,gayla-juarez@partition.com
2017-09-13,Kristeen,Bouchard,chun-shirley67@touch.com
2011-05-27,Drema,Quezada,ward24@yahoo.com
1984-08-27,Santiago,Gilchrist,germaine670@naturals.dolls.museum
2004-07-31,Eloise,Cornejo,xochitl_irons096@poster.com
1996-12-21,Valorie,Trammell,nakesha42@titanium.com
1970-02-13,Stephane,Jaramillo,charla5@herbal.com
2016-08-16,Rashad,Buffington,jonelle.bussey739@allows.com
1999-08-21,Jeni,Guerra,simonemaclean@hotmail.com
1977-03-06,Moses,Reyes,randalldunning75187@advised.toyohashi.aichi.jp
1988-10-08,Alton,Watters,lynwood_dorris@yahoo.com
1971-12-29,Shiela,Downing,janna3097@gmail.com
1986-06-20,Lula,Biddle,marlena04790@yahoo.com
1971-11-28,Regan,Chisholm,pilarquinonez@hotmail.com
1979-11-24,Noe,Boudreaux,hiroko87@etc.com
2021-07-25,Latoria,Grier,magen059@hotmail.com
2016-03-24,Yuko,Couture-Mcwhorter,kyung.newman3023@minerals.com
1973-02-20,Kandace,Yates,demetra_myers51934@hotmail.com
1973-04-07,Eartha,Novotny,sonya-houghton89@dead.com
1979-07-20,Buford,Bower,natacha-vogt@hotmail.com
1982-03-11,Karen,Huffman,sparklewitcher743@overall.s3-website-us-west-1.amazonaws.com
1999-03-16,Emerita,Fullerton,dung.jose50@additional.com
1976-06-10,Melvin,Cooks,corrielancaster@courier.com
2022-10-20,Breann,Hammond,chau-canty872@submitted.com
1995-05-25,Margaret,Baines,rashidaly@regarded.com
1997-04-11,Mathilde,Dortch,shavonda-coffey@yahoo.com
1985-10-23,Gail,Hwang,minerva.mata@cia.com
2008-06-24,Marylynn,Jeter,georgiana.bacon5@howard.com
1993-07-27,Lyndon,Bisson-Hancock,latoria-brinkley02031@yahoo.com
1999-04-12,Lois,Hermann,nieves-lehman@gmail.com
1980-02-19,Shizuko,Dykes,alicanewton@structural.com
1989-06-16,Shae,Seaton,xochitlebert7036@spanish.com
1992-04-28,Linnie,Robertson,yonmcmahan41@ah.aogaki.hyogo.jp
1973-12-18,Vennie,Winters,mee_price@yahoo.com
2010-11-06,Lakita,Ivey,geraldo_mcintyre@triangle.barsy.pub
2021-09-11,Amos,Choi,arturodanner@bride.is-gone.com
1982-09-18,Steve,Ritter,venessa_rees64420@addressing.gov.as
1979-05-19,Scot,Reece,emile.stearns-radford264@gmail.com
1996-11-08,Damien,Littlejohn-Bradshaw,jutta410@gmail.com
1985-07-20,Janiece,Rock,gayle-taggart@weapon.com
2017-12-06,Rico,Whitten,darin-lawless93581@disaster.rep.kp
2012-01-07,Elise,Dube,vincenzowood@yahoo.com
1997-07-10,Wes,Zeller,yong.trujillo@hotmail.com
1974-05-31,Opal,Salisbury,montylacroix-latimer67@hotmail.com
2008-10-14,Carmel,Self,september_goodwin@new.com
2012-11-14,Spencer,Bunn,awildakilgore@bristol.com
1990-07-04,Jocelyn,Bertram,christalschreiner8078@shortcuts.com
1981-07-10,Thresa,Patton,bambi_markham622@velocity.com
2006-05-22,Tanja,Godinez,alease.mcintire@deals.katsuragi.nara.jp
1975-04-09,Maia,Larsen,pinkiebrothers3580@parks.costume.museum
2011-08-11,Thad,Rivas,malorie-peachey2@hotmail.com
2001-04-26,Yee,Carr,del.clarkson3@traveller.kiryu.gunma.jp
2014-10-05,Carli,Ly,grady79106@involvement.com
2002-08-14,Irish,Hargis,pamella.castellanos88@transfer.com
2017-12-20,Yanira,Whittington,loma75410@yahoo.com
2006-04-22,Alita,Flemming,laurie.michaels01@diffs.com
1994-06-24,Leisa,Haight,precioushanlon@hyundai.com
1986-08-04,Tanisha,Schmitt,beatriz60886@xp.com
2019-03-16,Tamar,New,danuta25207@enemies.com
2003-04-23,Kristie,Lugo,casimira_sigmon52@focus.com
1981-07-16,Hiedi,Roman,donella-hazel979@hotmail.com